Road,Blk,Postal,,
YISHUN STREET 21,201,760201,,
YISHUN STREET 21,202,760202,,
YISHUN STREET 21,203,760203,,
YISHUN STREET 21,204,760204,,
YISHUN STREET 21,205,760205,,
YISHUN STREET 21,206,760206,,
YISHUN STREET 21,207,760207,,
YISHUN STREET 21,208,760208,,
YISHUN STREET 21,209,760209,,
YISHUN STREET 21,210,760210,,
YISHUN STREET 21,211,760211,,
YISHUN STREET 21,212,760212,,
YISHUN STREET 21,213,760213,,
YISHUN STREET 21,214,760214,,
YISHUN STREET 21,215,760215,,
YISHUN STREET 21,216,760216,,
YISHUN STREET 21,217,760217,,
YISHUN STREET 21,218,760218,,
YISHUN STREET 21,219,760219,,
YISHUN STREET 21,220,760220,,
YISHUN STREET 21,221,760221,,
YISHUN STREET 21,222,760222,,
YISHUN STREET 21,223,760223,,
YISHUN STREET 21,224,760224,,
YISHUN STREET 21,225,760225,,
YISHUN STREET 21,226,760226,,
YISHUN STREET 21,227,760227,,
YISHUN STREET 21,228,760228,,
YISHUN STREET 21,229,760229,,
YISHUN STREET 21,230,760230,,
YISHUN STREET 21,231,760231,,
YISHUN STREET 21,232,760232,,
YISHUN STREET 21,233,760233,,
YISHUN STREET 21,234,760234,,
YISHUN STREET 21,235,760235,,
YISHUN RING ROAD,236,760236,,
YISHUN RING ROAD,237,760237,,
YISHUN RING ROAD,238,760238,,
YISHUN RING ROAD,239,760239,,
YISHUN RING ROAD,240,760240,,
YISHUN RING ROAD,241,760241,,
YISHUN RING ROAD,242,760242,,
YISHUN RING ROAD,243,760243,,
YISHUN RING ROAD,244,760244,,
YISHUN AVENUE 9,245,760245,,
YISHUN AVENUE 9,246,760246,,
YISHUN AVENUE 9,247,760247,,
YISHUN AVENUE 9,248,760248,,
YISHUN AVENUE 9,249,760249,,
YISHUN AVENUE 9,250,760250,,
YISHUN RING ROAD,251,760251,,
YISHUN RING ROAD,252,760252,,
YISHUN RING ROAD,253,760253,,
YISHUN RING ROAD,254,760254,,
YISHUN RING ROAD,255,760255,,
YISHUN RING ROAD,256,760256,,
YISHUN RING ROAD,257,760257,,
YISHUN STREET 22,258,760258,,
YISHUN STREET 22,259,760259,,
YISHUN STREET 22,260,760260,,
YISHUN STREET 22,261,760261,,
YISHUN STREET 22,262,760262,,
YISHUN STREET 22,263,760263,,
YISHUN STREET 22,264,760264,,
YISHUN STREET 22,291,760291,,
YISHUN STREET 22,292,760292,,
YISHUN STREET 22,293,760293,,
YISHUN STREET 20,296,760296,,
YISHUN STREET 20,297,760297,,
YISHUN STREET 20,298,760298,,
YISHUN STREET 20,299,760299,,
YISHUN CENTRAL,302,760302,,
YISHUN CENTRAL,303,760303,,
YISHUN CENTRAL,304,760304,,
YISHUN CENTRAL,305,760305,,
YISHUN CENTRAL,306,760306,,
YISHUN RING ROAD,308,760308,,
YISHUN RING ROAD,309,760309,,
YISHUN RING ROAD,310,760310,,
YISHUN RING ROAD,311,760311,,
YISHUN RING ROAD,312,760312,,
YISHUN RING ROAD,314,760314,,
YISHUN STREET 22,269A,761269,,
YISHUN STREET 22,269B,762269,,
